<?xml version="1.0" encoding="UTF-8"?>
<beans xmlns="http://www.springframework.org/schema/beans"
    xmlns:xsi="http://www.w3.org/2001/XMLSchema-instance"
    xmlns:context="http://www.springframework.org/schema/context"
    xmlns:aop="http://www.springframework.org/schema/aop"
    xmlns:tx="http://www.springframework.org/schema/tx" 
    xsi:schemaLocation="http://www.springframework.org/schema/beans 
    	http://www.springframework.org/schema/beans/spring-beans.xsd
        http://www.springframework.org/schema/aop 
        http://www.springframework.org/schema/aop/spring-aop.xsd
        http://www.springframework.org/schema/context
        http://www.springframework.org/schema/context/spring-context.xsd
        http://www.springframework.org/schema/tx
        http://www.springframework.org/schema/tx/spring-tx.xsd"> 
        
        <!-- bean definitions here -->
        
        <aop:aspectj-autoproxy />
        
        <bean id="fooAspect" class="com.spring.lesson2.aop.FooAspect"/>
        
        <!-- 
        @Aspect注释不足以在类路径中进行自动检测：为此，您需要添加单独的 @Component注解
        	为FooAspect2添加了@Component注解
         -->
        <context:component-scan base-package="com.spring.lesson2.aop" />
        
        <!-- 为businessService方法配置事务 -->
        <aop:config>
        	<aop:advisor advice-ref="tx-advice" pointcut="com.spring.lesson2.aop.SystemArchitecture.businessService()"/>
        	<aop:aspect id="myAspect" ref="fooAspect">
        		<aop:after method=""/>
        		<aop:before method=""/>
        		<aop:after-returning method=""/>
        		<aop:after-throwing method=""/>
        		<aop:around method=""/>
        	</aop:aspect>
        </aop:config>
        
        <tx:advice id="tx-advice">
        	<tx:attributes>
        		<tx:method name="*" propagation="REQUIRED"/>
        	</tx:attributes>
        
        </tx:advice>

</beans>