<?xml version="1.0" encoding="UTF-8"?>

<!--debug 属性只跟状态信息有关，并不会影响 logback 的配置文件，也不会影响 logger 的日志级别, 只是会打印出logback内部的一些详细信息-->

<!--  通过系统属性 logback.configurationFile 可以指定默认的配置文件的路径。它的值可以是 URL，类路径下的文件或者是应用外部的文件。
 java -Dlogback.configurationFile=/path/to/config.xml chapters.configuration.MyApp1 -->

<!--scanPeriod 参数能够让 logback 在配置文件改变的时候自动去扫描， 默认是1分钟，如果没有指定时间单位，则默认为毫秒

当设置了 scan="true"，会新建一个 ReconfigureOnChangeTask 任务用于监视配置文件是否变化。ReconfigureOnChangeTask 也会自动监视外部文件的变化。

如果更改后的配置文件有语法错误，则会回退到之前的配置文件
-->

<!--
Logback 依赖的配置文件库为 Joran，是 logback-core 的一部分。
logback 的默认配置机制为：通过 JoranConfigurator 在类路径上寻找默认的配置文件。
你可以通过直接调用 JoranConfigurator 的方式来重写 logback 的默认配置机制
-->

<configuration debug="false" scan="true" scanPeriod="10 seconds">

    <!--单个变量可以直接定义-->
    <!--<property name="file_path" value="E:\\java_study\\java-lesson" />-->

    <!--当需要定义多个变量时，可以将这些变量放到一个单独的文件中-->
    <!--<property file="E:\java_study\java-lesson\src\main\resources\variables.properties" />-->

    <!--classpath 下的资源文件可以不用写绝对路径-->
    <property resource="variables.properties" />

    <!-- 彩色日志，只在SpringBoot中有效 -->
    <!-- 彩色日志依赖的渲染类 -->
    <!--
    <conversionRule conversionWord="clr" converterClass="org.springframework.boot.logging.logback.ColorConverter" />
    <conversionRule conversionWord="wex" converterClass="org.springframework.boot.logging.logback.WhitespaceThrowableProxyConverter" />
    <conversionRule conversionWord="wEx" converterClass="org.springframework.boot.logging.logback.ExtendedWhitespaceThrowableProxyConverter" />
    -->
    <!--
    彩色日志格式
    <property name="CONSOLE_LOG_PATTERN" value="${CONSOLE_LOG_PATTERN:-%clr(%d{yyyy-MM-dd HH:mm:ss.SSS}){faint} %clr(${LOG_LEVEL_PATTERN:-%5p}) %clr(${PID:- }){magenta} %clr(-&#45;&#45;){faint} %clr([%15.15t]){faint} %clr(%-40.40logger{39}){cyan} %clr(:){faint} %m%n${LOG_EXCEPTION_CONVERSION_WORD:-%wEx}}" />
-->
    <appender name="STDOUT" class="ch.qos.logback.core.ConsoleAppender">

        <filter class="com.logback.filter.SampleFilter" />

        <!--定义了一个只打印INFO级别的日志，所以debug日志会被直接丢弃掉-->
        <!--<filter class="ch.qos.logback.classic.filter.LevelFilter">
            <level>INFO</level>
            <onMatch>ACCEPT</onMatch>
            <onMismatch>DENY</onMismatch>
        </filter>-->

        <!--打印日志阈值为INFO，也就是定义了一个只打印INFO级别的日志，所以debug日志会被直接丢弃掉-->
        <filter class="ch.qos.logback.classic.filter.ThresholdFilter">
            <level>INFO</level>
        </filter>


        <encoder>
            <!--<pattern>%d{HH:mm:ss.SSS} [%thread] %-5level %logger{36} - %msg%n</pattern>-->

            <!--将日志信息分组打印，这样看起来会比较整齐一些-->
            <!--<pattern>%-30(%d{HH:mm:ss.SSS} [%thread]) %-5level %logger{32} - %msg%n</pattern>-->

            <!--将日志信息按照指定的颜色输出-->
            <pattern>%gray([%thread]) %highlight(%-5level) %yellow(%logger{15}) - %red(%msg %n)</pattern>

        </encoder>

        <!--使用自定义的输出格式，而不是使用Patern标签-->
        <!--<encoder class="ch.qos.logback.core.encoder.LayoutWrappingEncoder">
            <layout class="com.logback.layouts.MySampleLayout">
                <prefix>nnzhang-prefix</prefix>>
                <printThreadName>true</printThreadName>>
            </layout>

        </encoder>-->

    </appender>

    FileAppender 就是一直打日志，没有滚动策略，所以不会换文件，就是一直往指定的文件打印指定layout格式的日志
    <appender name="FILE" class="ch.qos.logback.core.FileAppender">
        <!--
            windows操作系统上 c:\temp\test.log 不会被正确解析，因为 '\t' 是一个转义字符，会被解析为一个 tab 字符 (\u0009)。
            正确的值应该像：c:/temp/test.log 或者 c:\\temp\\test.log
        -->
        <file>${file_path}/myApp.log</file>
        <!-- 如果将 immediateFlush 设置为 false 可以获得更高的日志吞吐量，但应用紧急关闭的时候，可能会丢失日志 -->
        <immediateFlsh>true</immediateFlsh>

        <!--
            layout标签是在0.9.19版本之前使用的，0.9.19之后的版本就被废弃了，并使用encoder标签，相关资料如下
            http://www.logback.cn/05%E7%AC%AC%E4%BA%94%E7%AB%A0Encoder.html
            http://logback.qos.ch/codes.html#layoutInsteadOfEncoder
        -->
        <!--<layout class="ch.qos.logback.classic.PatternLayout">
            <pattern>%d [%thread] %level %mdc %logger{35} - %msg%n</pattern>
        </layout>-->

        <!--不输出ERROR级别的日志-->
        <!--<filter class="ch.qos.logback.classic.filter.LevelFilter">
            <level>ERROR</level>
            <onMatch>DENY</onMatch>
            <onMismatch>ACCEPT</onMismatch>
        </filter>-->

        <!--只输出ERROR级别的日志-->
        <!--
            <filter class="ch.qos.logback.classic.filter.LevelFilter">
                <level>ERROR</level>
                <onMatch>ACCEPT</onMatch>
                <onMismatch>DENY</onMismatch>
            </filter>
        -->

        <encoder>
            <pattern>
                %date %level [%thread] %logger{10} [%file:%line] %msg%n
            </pattern>
        </encoder>
    </appender>

    <!--异步打印日志，
        AsyncAppender并不处理日志，只是将日志缓冲到一个BlockingQueue里面去，
        并在内部创建一个工作线程从队列头部获取日志，之后将获取的日志循环记录到附加的其他appender上去，从而达到不阻塞主线程的效果。
        因此AsynAppender仅仅充当事件转发器，必须引用另一个appender来做事
    -->
    <appender name="ASYNC" class="ch.qos.logback.classic.AsyncAppender">
        <!--队列的最大容量，默认为 256-->
        <queueSize>512</queueSize>

        <!--
            当队列还剩余百分之多少的容量时，会丢弃级别为 TRACE, DEBUG 与 INFO 的日志，仅仅只保留 WARN 与 ERROR 级别的日志。
            如果想要保留所有的事件，可以设置为 0
        -->
        <discardingThreshold>10</discardingThreshold>

        <!--
            程序结束的过程中，在日志上下文关闭后，worker线程的退出时间，也就是继续执行写任务的时间，
            从而保证尽量将队列中的日志事件写到文件中，单位是毫秒
        -->
        <maxFlushTime>1000</maxFlushTime>

        <!--
            true：队列满了直接丢弃要写的消息，不阻塞写入队列
            false：在队列满的时候 appender 会阻塞而不是丢弃信息
        -->
        <neverBlock>true</neverBlock>

        <appender-ref ref="FILE" />
    </appender>

    <!--
        SizeAndTimeBasedRollingPolicy 可以按时轮转，同时限制每个日志文件的大小
        除了 %d 之外还有 %i。这两个占位符都是强制要求的。
        在当前时间还没有到达周期轮转之前，日志文件达到了 maxFileSize 指定的大小，会进行归档，递增索引从 0 开始
    -->
    <appender name="ROLLING" class="ch.qos.logback.core.rolling.RollingFileAppender">
        <file>mylog.txt</file>
        <rollingPolicy class="ch.qos.logback.core.rolling.SizeAndTimeBasedRollingPolicy">
            <!-- 按天轮转 -->
            <fileNamePattern>mylog-%d{yyyy-MM-dd}.%i.txt</fileNamePattern>
            <!--单个文件的最大容量不超过 100MB-->
            <maxFileSize>100MB</maxFileSize>
            <!--最多保留60天-->
            <maxHistory>60</maxHistory>
            <!--所有日志文件的总大小不超过 20GB-->
            <totalSizeCap>20GB</totalSizeCap>
        </rollingPolicy>

        <!--<rollingPolicy class="ch.qos.logback.core.rolling.TimeBasedRollingPolicy">
            &lt;!&ndash; 按天轮转 &ndash;&gt;
            <fileNamePattern>logFile.%d{yyyy-MM-dd}.log</fileNamePattern>
            &lt;!&ndash; 保存 30 天的历史记录，最大大小为 30GB &ndash;&gt;
            <maxHistory>30</maxHistory>
            <totalSizeCap>3GB</totalSizeCap>
        </rollingPolicy>-->

        <!--
        观察当前活动文件的大小，如果已经大于了指定的值，它会给 RollingFileAppender 发一个信号触发对当前活动文件的轮转。
        SizeBasedTriggeringPolicy 只接收 maxFileSize 这一个参数，它的默认值是 10 MB
        -->
        <!--<triggeringPolicy class="ch.qos.logback.core.rolling.SizeBasedTriggeringPolicy">
            <maxFileSize>5MB</maxFileSize>
        </triggeringPolicy>-->

        <encoder>
            <pattern>%msg%n</pattern>
        </encoder>
    </appender>

    <!--不想看到属于 "com.logback" 包下的任何类中的任何 DEBUG 信息-->
    <logger name="com.logback" level="INFO" additivity="true">
        <appender-ref ref="FILE" />
        <!--<appender-ref ref="STDOUT" />-->
        <!--<appender-ref ref="ASYNC" />-->
        <!--<appender-ref ref="ROLLING" />-->

    </logger>
    <logger name="com.logback.foo" level="DEBUG" additivity="false" > <!-- 这时，"com.logback.foo" 包下的任何类中的任何 DEBUG 信息都会被打印-->
        <appender-ref ref="FILE" />
    </logger>
    <root level="debug"> <!-- 即使设置成 OFF ,其他的类也会打印日志，因为其他类有自己的 logger 日志级别-->
        <appender-ref ref="STDOUT" />
        <appender-ref ref="FILE" />
        <appender-ref ref="ASYNC" />
    </root>
</configuration>