<?xml version="1.0" encoding="UTF-8"?>
<beans xmlns="http://www.springframework.org/schema/beans"
    xmlns:xsi="http://www.w3.org/2001/XMLSchema-instance"
    xmlns:p="http://www.springframework.org/schema/p"
    xsi:schemaLocation="http://www.springframework.org/schema/beans
        http://www.springframework.org/schema/beans/spring-beans.xsd" >
        
        <import resource="spring2.xml"/>
        <import resource="spring3.xml"/>
        
        <!-- 在大型系统中，配置分布在每个子系统中，
	        	每个子系统都有自己的一组对象定义。在基于XML的配置元数据中，您可以使用<alias/>元素来完成此操作。
         -->
        <alias name="user3" alias="user-alias"/>

    <bean id="person"  class="com.spring.lesson1.Person" >
        
        <!-- bean user可以定义在本工程的其他的xml配置文件中，bean可以跨xml查找并注入的 -->
        <!-- 让bean定义跨越多个XML文件可能很有用。通常，每个单独的XML配置文件都代表了架构中的逻辑层或模块 -->
        <property name="user" ref="user-alias"/>
        
    </bean>
    
    
    <!-- 通过构造函数进行注入, 基本类型使用type方式定义属性值,如果构造函数中有重复的类型，则使用index属性来定义下标 -->
    <bean id="man" class="com.spring.lesson1.Man">
    	<constructor-arg ref="user-alias" />
    	<constructor-arg type="java.lang.String" index="1" value="zhangsan"/>
    	<constructor-arg type="java.lang.String" index="2" value="man"/>
    	<constructor-arg type="int" value="20"/>
    </bean>
    
    <!-- 也可以使用name属性直接指定参数名称 -->
    <bean id="man2" class="com.lesson1.Man">
    	<constructor-arg ref="user-alias" />
    	<constructor-arg name="name" value="zhangsan"/>
    	<constructor-arg name="sex" value="man"/>
    	<constructor-arg name="age" value="20"/>
    </bean>

	<!-- 使用setter方法注入,其中，name为空字符串，而sex为null -->
	<bean id="woman" class="com.spring.lesson1.Woman">
    	<property name="user"  ref="user-alias" />
    	<property name="name" value=""/>
    	<property name="sex" >
    		<null />
    	</property>
    	<property name="age" value="20"/>
    </bean>
    
    
    <!-- 使用p命令空间简化配置,同时声明在初始化woman2之前，必须先强制初始化dog bean
    	所以depends-on可以控制控制两个bean的生成顺序
     -->
    <bean id="woman2" class="com.spring.lesson1.Woman" depends-on="dog"
    	p:name="test111"
    	p:sex="female"
    	p:age="10"
    	p:user-ref="user-alias" />
    	
    <bean class="com.spring.lesson1.UserBeanPostProcessor"/>

</beans>
