<?xml version="1.0" encoding="UTF-8"?>
<beans xmlns="http://www.springframework.org/schema/beans"
    xmlns:xsi="http://www.w3.org/2001/XMLSchema-instance"
    xmlns:context="http://www.springframework.org/schema/context"
    xsi:schemaLocation="http://www.springframework.org/schema/beans
        http://www.springframework.org/schema/beans/spring-beans.xsd">

    <bean id="user" class="com.spring.lesson1.User" scope="singleton" />

	<bean id="user2" class="com.spring.lesson1.User" scope="singleton" />

    
    <!-- 使用static factory方法构造bean并交给spring管理，只需要指定static方法即可，适合在传统代码中调用静态工厂 -->
    <bean id="user3" class="com.spring.lesson1.UserFactory" factory-method="createUser">
    	
    </bean>
    
    
    <bean id="userFactory" class="com.spring.lesson1.UserFactory"/>
    
    <!-- 使用非static factory方法构造bean并交给spring管理, 需要指定userFactory bean的createUser2方法 -->
    <bean id="user4" class="com.spring.lesson1.UserFactory"  factory-bean="userFactory" factory-method="createUser2" >
    	
    </bean>
    
    <!-- 配置bean的初始化回调方法和销毁回调方法 -->
    <bean id="user5" class="com.spring.lesson1.User" scope="singleton" init-method="init" destroy-method="destroy"/>

	<!-- 使用占位符进行属性值注入 --> 
    <bean class="org.springframework.beans.factory.config.PropertyPlaceholderConfigurer">
    	<property name="locations" value="classpath:user.properties"/>
    </bean>
     
    <bean id="user6" class="com.spring.lesson1.User" scope="singleton">
    	<property name="age" value="${user.age}"/>
    </bean>
	
	<bean id="user7" class="com.spring.lesson1.UserFactoryBean" />
	
</beans>
