<?xml version="1.0" encoding="UTF-8"?>
<beans xmlns="http://www.springframework.org/schema/beans"
    xmlns:xsi="http://www.w3.org/2001/XMLSchema-instance"
    xmlns:p="http://www.springframework.org/schema/p"
    xsi:schemaLocation="http://www.springframework.org/schema/beans
        http://www.springframework.org/schema/beans/spring-beans.xsd">
        
    <!-- 配置内部类,必须要配置<constructor-arg ref="dog"></constructor-arg>，否则会报错 -->    
	<bean id="dog" class="com.spring.lesson1.Dog">
		<property name="name" value="xiaoqiang"/>
		<property name="color">
			<bean class="com.spring.lesson1.Dog$Color">
				<constructor-arg ref="dog"></constructor-arg>
				<property name="colorName" value="red"/>
			</bean>
		</property>
	</bean>

</beans>
